{
  "minecraft:adventure/sleep_in_bed": {
    "criteria": {
      "slept_in_bed": "2021-10-20 17:33:15 -0500"
    },
    "done": true
  },
  "minecraft:adventure/adventuring_time": {
    "criteria": {
      "deep_ocean": "2021-10-20 15:34:09 -0500",
      "beaches": "2021-10-20 15:34:38 -0500",
      "desert_hills": "2021-10-20 15:43:00 -0500",
      "forest_hills": "2021-10-20 16:31:50 -0500",
      "savanna": "2021-10-20 16:34:00 -0500",
      "plains": "2021-10-20 16:31:46 -0500",
      "savanna_rock": "2021-10-20 16:34:07 -0500",
      "ocean": "2021-10-20 15:32:03 -0500",
      "river": "2021-10-20 15:36:42 -0500",
      "desert": "2021-10-20 15:36:28 -0500"
    },
    "done": false
  }
}