{
  "minecraft:adventure/root": {
    "criteria": {
      "killed_something": "2021-10-20 17:23:06 -0500"
    },
    "done": true
  },
  "minecraft:adventure/kill_a_mob": {
    "criteria": {
      "zombie_villager": "2021-10-20 17:25:24 -0500"
    },
    "done": true
  },
  "minecraft:adventure/kill_all_mobs": {
    "criteria": {
      "zombie_villager": "2021-10-20 17:25:24 -0500",
      "zombie": "2021-10-20 17:25:40 -0500"
    },
    "done": false
  },
  "iblis_headshots:adventure/shoot_head": {
    "criteria": {
      "zombie_villager": "2021-10-20 17:25:24 -0500"
    },
    "done": true
  },
  "minecraft:recipes/redstone/trapped_chest": {
    "criteria": {
      "has_tripwire_hook": "2021-10-20 16:55:19 -0500"
    },
    "done": true
  },
  "minecraft:adventure/adventuring_time": {
    "criteria": {
      "plains": "2021-10-20 16:51:21 -0500"
    },
    "done": false
  }
}